<?xml version="1.0" encoding="utf-8"?>
<!--/14053/962533/2.50/4/2/Integrated Circuit/-->
<quadcept_library>
  <setting unit="mil" />
  <textstyle name="Default" height="47.244094488189" strokewidth="7.8740157480315" charwidth="47.244094488189" />
  <textstyle name="Dimension" height="19.6850393700787" strokewidth="0" charwidth="19.6850393700787" />
  <textstyle name="H127W0635TH00762" height="50" strokewidth="3" charwidth="25" />
  <textstyle name="H15W15TH02" height="59.0551181102362" strokewidth="7.8740157480315" charwidth="59.0551181102362" />
  <padstyle name="r140_57" surface="True" plated="False" isvia="False" nopaste="False" nomask="True" complex="False" holesize="0">
    <padshape layer="TOP" shape="rectangle" width="22.440944881889" height="55.11811023622" />
    <padshape layer="TOP_SOLDER_MASK" shape="rectangle" width="30.314960629921" height="62.992125984251" />
    <padshape layer="TOP_SOLDER_PASTE" shape="rectangle" width="22.440944881889" height="55.11811023622" />
  </padstyle>
  <padstyle name="r190_65" surface="True" plated="False" isvia="False" nopaste="False" nomask="True" complex="False" holesize="0">
    <padshape layer="TOP" shape="rectangle" width="25.590551181102" height="74.803149606298" />
    <padshape layer="TOP_SOLDER_MASK" shape="rectangle" width="33.464566929133" height="82.67716535433" />
    <padshape layer="TOP_SOLDER_PASTE" shape="rectangle" width="25.590551181102" height="74.803149606298" />
  </padstyle>
  <padstyle name="r245_200" surface="True" plated="False" isvia="False" nopaste="False" nomask="True" complex="False" holesize="0">
    <padshape layer="TOP" shape="rectangle" width="78.740157480314" height="96.456692913385" />
    <padshape layer="TOP_SOLDER_MASK" shape="rectangle" width="86.614173228345" height="104.33070866142" />
    <padshape layer="TOP_SOLDER_PASTE" shape="rectangle" width="78.740157480314" height="96.456692913385" />
  </padstyle>
  <footprint name="LDK320ADU30R" originx="0" originy="0" pickpointx="0" pickpointy="0">
    <pcbpin number="1" name="1" style="r140_57" originx="-59.055118110235" originy="-47.75590551181" rotation="0" />
    <pcbpin number="2" name="2" style="r190_65" originx="0" originy="-37.913385826771" rotation="0" />
    <pcbpin number="3" name="3" style="r140_57" originx="59.055118110235" originy="-47.75590551181" rotation="0" />
    <pcbpin number="4" name="4" style="r245_200" originx="0" originy="47.71653543307" rotation="0" />
    <line layer="TOP_ASSEMBLY" originx="-88.582677165353" originy="48.149606299212" endx="88.582677165353" endy="48.149606299212" width="7.8740157480314" />
    <line layer="TOP_ASSEMBLY" originx="88.582677165353" originy="48.149606299212" endx="88.582677165353" endy="-48.149606299212" width="7.8740157480314" />
    <line layer="TOP_ASSEMBLY" originx="88.582677165353" originy="-48.149606299212" endx="-88.582677165353" endy="-48.149606299212" width="7.8740157480314" />
    <line layer="TOP_ASSEMBLY" originx="-88.582677165353" originy="-48.149606299212" endx="-88.582677165353" endy="48.149606299212" width="7.8740157480314" />
    <line layer="TOP_PLACE_BOUND" originx="-127.95275590551" originy="135.35433070866" endx="127.95275590551" endy="135.35433070866" width="3.9370078740157" />
    <line layer="TOP_PLACE_BOUND" originx="127.95275590551" originy="135.35433070866" endx="127.95275590551" endy="-114.68503937008" width="3.9370078740157" />
    <line layer="TOP_PLACE_BOUND" originx="127.95275590551" originy="-114.68503937008" endx="-127.95275590551" endy="-114.68503937008" width="3.9370078740157" />
    <line layer="TOP_PLACE_BOUND" originx="-127.95275590551" originy="-114.68503937008" endx="-127.95275590551" endy="135.35433070866" width="3.9370078740157" />
    <line layer="TOP_SILKSCREEN" originx="47.244094488188" originy="48.149606299212" endx="88.582677165353" endy="48.149606299212" width="3.9370078740157" />
    <line layer="TOP_SILKSCREEN" originx="88.582677165353" originy="48.149606299212" endx="88.582677165353" endy="-48.149606299212" width="3.9370078740157" />
    <line layer="TOP_SILKSCREEN" originx="88.582677165353" originy="-48.149606299212" endx="78.740157480314" endy="-48.149606299212" width="3.9370078740157" />
    <line layer="TOP_SILKSCREEN" originx="-55.11811023622" originy="48.149606299212" endx="-88.582677165353" endy="48.149606299212" width="3.9370078740157" />
    <line layer="TOP_SILKSCREEN" originx="-88.582677165353" originy="48.149606299212" endx="-88.582677165353" endy="-48.149606299212" width="3.9370078740157" />
    <line layer="TOP_SILKSCREEN" originx="-88.582677165353" originy="-48.149606299212" endx="-78.740157480314" endy="-48.149606299212" width="3.9370078740157" />
  </footprint>
  <symbol name="L78L33ACUTR" originx="0" originy="0">
    <line originx="200" originy="100" endx="1000" endy="100" width="0" />
    <line originx="1000" originy="-200" endx="1000" endy="100" width="0" />
    <line originx="1000" originy="-200" endx="200" endy="-200" width="0" />
    <line originx="200" originy="100" endx="200" endy="-200" width="0" />
    <sympin number="1" originx="200" originy="0" rotation="180" length="100" width="7.8740157480315" flipped="False">
      <text name="pinname" originx="230" originy="0" style="Default" rotation="0" justify="left" flipped="False" hidden="False" data="VOUT" />
      <text name="pindes" originx="140" originy="20" style="Default" rotation="0" justify="lowerright" flipped="False" hidden="False" data="1" />
    </sympin>
    <sympin number="2" originx="200" originy="-100" rotation="180" length="100" width="7.8740157480315" flipped="False">
      <text name="pinname" originx="230" originy="-100" style="Default" rotation="0" justify="left" flipped="False" hidden="False" data="GND_1" />
      <text name="pindes" originx="140" originy="-80" style="Default" rotation="0" justify="lowerright" flipped="False" hidden="False" data="2" />
    </sympin>
    <sympin number="3" originx="1000" originy="0" rotation="0" length="100" width="7.8740157480315" flipped="False">
      <text name="pinname" originx="970" originy="0" style="Default" rotation="0" justify="right" flipped="False" hidden="False" data="VIN" />
      <text name="pindes" originx="1060" originy="20" style="Default" rotation="0" justify="lowerleft" flipped="False" hidden="False" data="3" />
    </sympin>
    <sympin number="4" originx="1000" originy="-100" rotation="0" length="100" width="7.8740157480315" flipped="False">
      <text name="pinname" originx="970" originy="-100" style="Default" rotation="0" justify="right" flipped="False" hidden="False" data="GND_2" />
      <text name="pindes" originx="1060" originy="-80" style="Default" rotation="0" justify="lowerleft" flipped="False" hidden="False" data="4" />
    </sympin>
  </symbol>
  <component name="L78L33ACUTR" designatorprefix="IC" height="62.992125984251" footprint="LDK320ADU30R">
    <comppin designator="1" sympin="1" pinswap="0" gateswap="0" gate="1" group="1" side="" type="Output" name="VOUT" />
    <comppin designator="2" sympin="2" pinswap="0" gateswap="0" gate="1" group="1" side="" type="Ground" name="GND_1" />
    <comppin designator="3" sympin="3" pinswap="0" gateswap="0" gate="1" group="1" side="" type="Input" name="VIN" />
    <comppin designator="4" sympin="4" pinswap="0" gateswap="0" gate="1" group="1" side="" type="Ground" name="GND_2" />
    <attached_symbol gate="1" name="L78L33ACUTR" />
    <pinmap designator="1" footprintpin="1" />
    <pinmap designator="2" footprintpin="2" />
    <pinmap designator="3" footprintpin="3" />
    <pinmap designator="4" footprintpin="4" />
    <text name="Datasheet" originx="0" originy="0" style="Default" rotation="0" justify="" flipped="False" hidden="True" data="http://www.st.com/web/en/resource/technical/document/datasheet/CD00000446.pdf" />
    <text name="Description" originx="0" originy="0" style="Default" rotation="0" justify="" flipped="False" hidden="True" data="L78L33ACUTR, Voltage Regulator, 0.1A 3.3 V, +/-5%, 4-Pin SOT-89" />
    <text name="Mouser Part Number" originx="0" originy="0" style="Default" rotation="0" justify="" flipped="False" hidden="True" data="511-L78L33ACU" />
    <text name="Mouser Price/Stock" originx="0" originy="0" style="Default" rotation="0" justify="" flipped="False" hidden="True" data="https://www.mouser.co.uk/ProductDetail/STMicroelectronics/L78L33ACUTR?qs=hDePDv5mxMFi%252BjA%2FaAMQCg%3D%3D" />
    <text name="Manufacturer_Name" originx="0" originy="0" style="Default" rotation="0" justify="" flipped="False" hidden="True" data="STMicroelectronics" />
    <text name="Manufacturer_Part_Number" originx="1050" originy="200" style="Default" rotation="0" justify="left" flipped="False" hidden="False" data="L78L33ACUTR" />
  </component>
</quadcept_library>
