<?xml version="1.0" encoding="utf-8"?>
<!--/777872/962533/2.50/6/4/Integrated Circuit/-->
<quadcept_library>
  <setting unit="mil" />
  <textstyle name="Default" height="47.244094488189" strokewidth="7.8740157480315" charwidth="47.244094488189" />
  <textstyle name="Dimension" height="19.6850393700787" strokewidth="0" charwidth="19.6850393700787" />
  <textstyle name="H127W0635TH00762" height="50" strokewidth="3" charwidth="25" />
  <textstyle name="H15W15TH02" height="59.0551181102362" strokewidth="7.8740157480315" charwidth="59.0551181102362" />
  <padstyle name="r65_25" surface="True" plated="False" isvia="False" nopaste="False" nomask="True" complex="False" holesize="0">
    <padshape layer="TOP" shape="rectangle" width="9.8425196850392" height="25.590551181102" />
    <padshape layer="TOP_SOLDER_MASK" shape="rectangle" width="17.716535433071" height="33.464566929133" />
    <padshape layer="TOP_SOLDER_PASTE" shape="rectangle" width="9.8425196850392" height="25.590551181102" />
  </padstyle>
  <padstyle name="r65_20" surface="True" plated="False" isvia="False" nopaste="False" nomask="True" complex="False" holesize="0">
    <padshape layer="TOP" shape="rectangle" width="7.8740157480314" height="25.590551181102" />
    <padshape layer="TOP_SOLDER_MASK" shape="rectangle" width="15.748031496063" height="33.464566929133" />
    <padshape layer="TOP_SOLDER_PASTE" shape="rectangle" width="7.8740157480314" height="25.590551181102" />
  </padstyle>
  <footprint name="XC6190AC157RG" originx="0" originy="0" pickpointx="0" pickpointy="0">
    <pcbpin number="1" name="1" style="r65_25" originx="-17.716535433071" originy="-17.716535433071" rotation="0" />
    <pcbpin number="2" name="2" style="r65_20" originx="0" originy="-17.716535433071" rotation="0" />
    <pcbpin number="3" name="3" style="r65_25" originx="17.716535433071" originy="-17.716535433071" rotation="0" />
    <pcbpin number="4" name="4" style="r65_25" originx="17.716535433071" originy="17.716535433071" rotation="0" />
    <pcbpin number="5" name="5" style="r65_20" originx="0" originy="17.716535433071" rotation="0" />
    <pcbpin number="6" name="6" style="r65_25" originx="-17.716535433071" originy="17.716535433071" rotation="0" />
    <line layer="TOP_ASSEMBLY" originx="-25.590551181102" originy="-25.590551181102" endx="25.590551181102" endy="-25.590551181102" width="3.9370078740157" />
    <line layer="TOP_ASSEMBLY" originx="25.590551181102" originy="-25.590551181102" endx="25.590551181102" endy="25.590551181102" width="3.9370078740157" />
    <line layer="TOP_ASSEMBLY" originx="25.590551181102" originy="25.590551181102" endx="-25.590551181102" endy="25.590551181102" width="3.9370078740157" />
    <line layer="TOP_ASSEMBLY" originx="-25.590551181102" originy="25.590551181102" endx="-25.590551181102" endy="-25.590551181102" width="3.9370078740157" />
    <line layer="TOP_PLACE_BOUND" originx="-64.960629921259" originy="69.881889763779" endx="64.960629921259" endy="69.881889763779" width="3.9370078740157" />
    <line layer="TOP_PLACE_BOUND" originx="64.960629921259" originy="69.881889763779" endx="64.960629921259" endy="-69.881889763779" width="3.9370078740157" />
    <line layer="TOP_PLACE_BOUND" originx="64.960629921259" originy="-69.881889763779" endx="-64.960629921259" endy="-69.881889763779" width="3.9370078740157" />
    <line layer="TOP_PLACE_BOUND" originx="-64.960629921259" originy="-69.881889763779" endx="-64.960629921259" endy="69.881889763779" width="3.9370078740157" />
    <line layer="TOP_SILKSCREEN" originx="-15.748031496063" originy="-43.307086614173" endx="-15.748031496063" endy="-43.307086614173" width="7.8740157480314" />
    <arc layer="TOP_SILKSCREEN" originx="-15.748031496063" originy="-41.338582677165" startangle="-90.0" sweepangle="180.0" radius="1.9685039370079" width="7.8740157480314" />
    <line layer="TOP_SILKSCREEN" originx="-15.748031496063" originy="-39.370078740157" endx="-15.748031496063" endy="-39.370078740157" width="7.8740157480314" />
    <arc layer="TOP_SILKSCREEN" originx="-15.748031496063" originy="-41.338582677165" startangle="90.0" sweepangle="180.0" radius="1.9685039370079" width="7.8740157480314" />
    <line layer="TOP_SILKSCREEN" originx="-15.748031496063" originy="-43.307086614173" endx="-15.748031496063" endy="-43.307086614173" width="7.8740157480314" />
    <arc layer="TOP_SILKSCREEN" originx="-15.748031496063" originy="-41.338582677165" startangle="-90.0" sweepangle="180.0" radius="1.9685039370079" width="7.8740157480314" />
  </footprint>
  <symbol name="XC6190AC157R-G" originx="0" originy="0">
    <line originx="200" originy="100" endx="900" endy="100" width="0" />
    <line originx="900" originy="-300" endx="900" endy="100" width="0" />
    <line originx="900" originy="-300" endx="200" endy="-300" width="0" />
    <line originx="200" originy="100" endx="200" endy="-300" width="0" />
    <sympin number="1" originx="200" originy="0" rotation="180" length="100" width="7.8740157480315" flipped="False">
      <text name="pinname" originx="230" originy="0" style="Default" rotation="0" justify="left" flipped="False" hidden="False" data="RSTB" />
      <text name="pindes" originx="140" originy="20" style="Default" rotation="0" justify="lowerright" flipped="False" hidden="False" data="1" />
    </sympin>
    <sympin number="2" originx="200" originy="-100" rotation="180" length="100" width="7.8740157480315" flipped="False">
      <text name="pinname" originx="230" originy="-100" style="Default" rotation="0" justify="left" flipped="False" hidden="False" data="VSS" />
      <text name="pindes" originx="140" originy="-80" style="Default" rotation="0" justify="lowerright" flipped="False" hidden="False" data="2" />
    </sympin>
    <sympin number="3" originx="200" originy="-200" rotation="180" length="100" width="7.8740157480315" flipped="False">
      <text name="pinname" originx="230" originy="-200" style="Default" rotation="0" justify="left" flipped="False" hidden="False" data="SW1" />
      <text name="pindes" originx="140" originy="-180" style="Default" rotation="0" justify="lowerright" flipped="False" hidden="False" data="3" />
    </sympin>
    <sympin number="4" originx="900" originy="-200" rotation="0" length="100" width="7.8740157480315" flipped="False">
      <text name="pinname" originx="870" originy="-200" style="Default" rotation="0" justify="right" flipped="False" hidden="False" data="VIN" />
      <text name="pindes" originx="960" originy="-180" style="Default" rotation="0" justify="lowerleft" flipped="False" hidden="False" data="4" />
    </sympin>
    <sympin number="5" originx="900" originy="-100" rotation="0" length="100" width="7.8740157480315" flipped="False">
      <text name="pinname" originx="870" originy="-100" style="Default" rotation="0" justify="right" flipped="False" hidden="False" data="RT" />
      <text name="pindes" originx="960" originy="-80" style="Default" rotation="0" justify="lowerleft" flipped="False" hidden="False" data="5" />
    </sympin>
    <sympin number="6" originx="900" originy="0" rotation="0" length="100" width="7.8740157480315" flipped="False">
      <text name="pinname" originx="870" originy="0" style="Default" rotation="0" justify="right" flipped="False" hidden="False" data="SW2" />
      <text name="pindes" originx="960" originy="20" style="Default" rotation="0" justify="lowerleft" flipped="False" hidden="False" data="6" />
    </sympin>
  </symbol>
  <component name="XC6190AC157R-G" designatorprefix="IC" height="15.748031496063" footprint="XC6190AC157RG">
    <comppin designator="1" sympin="1" pinswap="0" gateswap="0" gate="1" group="1" side="" type="Any" name="RSTB" />
    <comppin designator="2" sympin="2" pinswap="0" gateswap="0" gate="1" group="1" side="" type="Any" name="VSS" />
    <comppin designator="3" sympin="3" pinswap="0" gateswap="0" gate="1" group="1" side="" type="Any" name="SW1" />
    <comppin designator="4" sympin="4" pinswap="0" gateswap="0" gate="1" group="1" side="" type="Any" name="VIN" />
    <comppin designator="5" sympin="5" pinswap="0" gateswap="0" gate="1" group="1" side="" type="Any" name="RT" />
    <comppin designator="6" sympin="6" pinswap="0" gateswap="0" gate="1" group="1" side="" type="Any" name="SW2" />
    <attached_symbol gate="1" name="XC6190AC157R-G" />
    <pinmap designator="1" footprintpin="1" />
    <pinmap designator="2" footprintpin="2" />
    <pinmap designator="3" footprintpin="3" />
    <pinmap designator="4" footprintpin="4" />
    <pinmap designator="5" footprintpin="5" />
    <pinmap designator="6" footprintpin="6" />
    <text name="Datasheet" originx="0" originy="0" style="Default" rotation="0" justify="" flipped="False" hidden="True" data="https://www.torexsemi.com/file/xc6190/XC6190.pdf" />
    <text name="Description" originx="0" originy="0" style="Default" rotation="0" justify="" flipped="False" hidden="True" data="Supervisory Circuits Push Button Reboot Controller" />
    <text name="Manufacturer_Name" originx="0" originy="0" style="Default" rotation="0" justify="" flipped="False" hidden="True" data="Torex" />
    <text name="Manufacturer_Part_Number" originx="950" originy="200" style="Default" rotation="0" justify="left" flipped="False" hidden="False" data="XC6190AC157R-G" />
    <text name="Mouser Part Number" originx="0" originy="0" style="Default" rotation="0" justify="" flipped="False" hidden="True" data="865-XC6190AC157R-G" />
    <text name="Mouser Price/Stock" originx="0" originy="0" style="Default" rotation="0" justify="" flipped="False" hidden="True" data="https://www.mouser.co.uk/ProductDetail/Torex-Semiconductor/XC6190AC157R-G?qs=AsjdqWjXhJ%2F4gevzFaWDgw%3D%3D" />
    <text name="Arrow Part Number" originx="0" originy="0" style="Default" rotation="0" justify="" flipped="False" hidden="True" data="" />
    <text name="Arrow Price/Stock" originx="0" originy="0" style="Default" rotation="0" justify="" flipped="False" hidden="True" data="" />
  </component>
</quadcept_library>
